job_title,company_name,location,is_remote,salary_min,salary_max,skills_required,experience,date_posted,job_url,description
Data analyst - india,PolyWorks India,Chhatrapati Sambhajinagar,False,,,,,2026-04-10T23:00:00.000Z,https://en-in.whatjobs.com/jobs/data-analyst-india/aurangabad-maharashtra-2?id=231381654&utm_campaign=google_jobs_apply&utm_source=google_jobs_apply&utm_medium=organic,"You are curious, analytical, and a strong team player? Great, you’re exactly the kind of person we’d love to meet!

The Gateway team is looking for a Data Analyst to create data enablement tools that support Innov Metric’s Digital Thread. In this role, you will design dashboards, build data integrat"
IN_Senior Associate_ Data Analyst _D&A_Advisory_PAN India,PricewaterhouseCoopers Professional Services LLP,IN,False,,,,,2026-04-10T00:00:00.000Z,https://in.indeed.com/viewjob?jk=a0c8a49649cfe98a&utm_campaign=google_jobs_apply&utm_source=google_jobs_apply&utm_medium=organic,"Line of Service

Advisory

Industry/Sector

Not Applicable

Specialism

Data, Analytics & AI

Management Level

Senior Associate

Job Description & Summary

At PwC, our people in data and analytics focus on leveraging data to drive insights and make informed business decisions. They utilise advanced"
Associate Data Analyst,UnitedHealth Group,Hyderabad,False,,,,,2026-04-08T00:00:00.000Z,https://careers.unitedhealthgroup.com/job/hyderabad/associate-data-analyst/34088/93760954464?utm_campaign=google_jobs_apply&utm_source=google_jobs_apply&utm_medium=organic,"Optum is a global organization that delivers care, aided by technology to help millions of people live healthier lives. The work you do with our team will directly improve health outcomes by connecting people with the care, pharmacy benefits, data and resources they need to feel their best. Here, yo"
"Senior Analyst, Analytics – Lowe’s (L09)",Synchrony Financial,IN,False,,,,,2026-04-09T00:00:00.000Z,https://www.synchronycareers.com/job/telangana/senior-analyst-analytics-lowe-s-l09/49394/93791048144?utm_campaign=google_jobs_apply&utm_source=google_jobs_apply&utm_medium=organic,"Role/Job Title: Senior Analyst, Analytics – Lowe’s (L09)

Company Overview: Synchrony (NYSE: SYF) is a premier consumer financial services company delivering one of the industry’s most complete digitally enabled product suites. Our experience, expertise and scale encompass a broad spectrum of indust"
"Data Analyst (Business Intelligence, Python, Machine Learning, Power BI)",FIS Global,Gurugram,False,,,,,2026-04-04T00:00:00.000Z,https://careers.fisglobal.com/us/en/job/FIGLUSJR0304808EXTERNAL/Data-Analyst-Business-Intelligence-Python-Machine-Learning-Power-BI?utm_campaign=google_jobs_apply&utm_source=google_jobs_apply&utm_medium=organic,"Position Type :
Full time

Type Of Hire :
Experienced (relevant combo of work and education)

Education Desired :
Bachelor's Degree

As the world works and lives faster, FIS is leading the way. Our fintech solutions touch nearly every market, company and person on the planet. Our teams are inclusive"
Senior BI/Data Analyst (Power BI / Tableau) - India,Exusia,IN,True,,,,,2026-04-05T00:00:00.000Z,https://builtin.com/job/senior-bi-data-analyst-power-bi-tableau-india/8969173?utm_campaign=google_jobs_apply&utm_source=google_jobs_apply&utm_medium=organic,"Description

Department: Sales and Delivery Team - Empower

Industry: Information Technology & Services, Computer Software, Management Consulting

Location: Hyderabad, Pune, Bangalore, Chennai & Delhi/NCR

Experience Range: 6+ years

Basic Qualification: Master/Bachelor of Engineering or Equivalent
"
Data Analyst - SAS and SQL,Early Career,Gurugram,False,,,,,2026-03-31T00:00:00.000Z,https://jobs.citi.com/job/haryana/data-analyst-sas-and-sql/287/93452193328?utm_campaign=google_jobs_apply&utm_source=google_jobs_apply&utm_medium=organic,"Control Automation Development- Analyst2 (C10)-SIS

About CITI

Citi's mission is to serve as a trusted partner to our clients by responsibly providing financial services that enable growth and economic progress. We have 200+ years of experience helping our clients meet the world's toughest challeng"
Data Analyst Sr Expert,Philips,Chennai,False,,,,,2026-04-08T00:00:00.000Z,https://www.careers.philips.com/in/en/job/578760/Data-Analyst-Sr-Expert?utm_campaign=google_jobs_apply&utm_source=google_jobs_apply&utm_medium=organic,"Job Title
Data Analyst Sr Expert

Job Description

Job Title : Data Analyst Sr Expert

Job Responsibilities:
• Handles analysis of complex datasets using advanced statistical methods and machine learning techniques to uncover deep insights that inform strategic business decisions and operational eff"
"GBS Data Analyst II, Procurement",CrowdStrike,IN,False,,,,,2026-04-07T00:00:00.000Z,https://www.bayt.com/en/india/jobs/gbs-data-analyst-ii-procurement-74395340/?utm_campaign=google_jobs_apply&utm_source=google_jobs_apply&utm_medium=organic,"As a global leader in cybersecurity, CrowdStrike protects the people, processes and technologies that drive modern organizations. Since 2011, our mission hasn’t changed — we’re here to stop breaches, and we’ve redefined modern security with the world’s most advanced AI-native platform. Our customers"
Human Resources Data Analyst,Bechtel Corporation,IN,False,,,,,2026-04-07T00:00:00.000Z,https://www.shine.com/jobs/human-resources-data-analyst/bechtel-corporation/18899996?utm_campaign=google_jobs_apply&utm_source=google_jobs_apply&utm_medium=organic,"Role Overview:
You will be the HR Data Analyst in the Human Resources department at Bechtel, responsible for providing business users and management with easy access to comprehensive, integrated workforce and talent information and analysis. Your role will involve creating and maintaining PowerBI re"
Data Analyst - Full Time,Burgrill India,New Delhi,False,,,,,2026-03-30T00:00:00.000Z,https://in.jooble.org/rjdp/-8481182183441921400?utm_campaign=google_jobs_apply&utm_source=google_jobs_apply&utm_medium=organic,"Company Description Burgrill India, established in 2016, is renowned for serving fresh, honest, and flavorful grilled food, with a special focus on quality and the art of grilling. Starting from a single outlet, it has grown to over 70 locations across India, becoming a beloved brand for those seeki"
Sales Data Analyst,RSM US,IN,False,,,,,2026-04-06T00:00:00.000Z,https://www.shine.com/jobs/sales-data-analyst/rsm-us/18893280?utm_campaign=google_jobs_apply&utm_source=google_jobs_apply&utm_medium=organic,"As a Sales Data Analyst at RSM US, you will play a crucial role in providing data-driven insights to the sales team. Your expertise in data analysis, reporting, and visualization will be key in analyzing sales performance and identifying areas for improvement. Your analytical skills and problem-solv"
Senior Analyst - Business Intelligence,United Airlines,Gurugram,False,,,,,2026-04-09T00:00:00.000Z,https://careers.united.com/us/en/job/GGN00002438/Senior-Analyst-Business-Intelligence?utm_campaign=google_jobs_apply&utm_source=google_jobs_apply&utm_medium=organic,"Achieving our goals starts with supporting yours. Grow your career, access top-tier health and wellness benefits, build lasting connections with your team and our customers, and travel the world using our extensive route network.

Come join us to create what’s next. Let’s define tomorrow, together.
"
"Data Analyst, ESG Data Operations | Ahmedabad, IN",S&P Global,Ahmedabad,False,,,,,2026-03-30T00:00:00.000Z,https://www.efinancialcareers.com/jobs-India-Ahmedabad-Data_Analyst_ESG_Data_Operations.id24054164?utm_campaign=google_jobs_apply&utm_source=google_jobs_apply&utm_medium=organic,"About the Role:

Grade Level (for internal use):
07

The Team

The EDO Sustainable1 DATA OPERATIONS team at S&P Global is a project-focused, international group dedicated to excellence in sustainability data management. We are responsible for one of the world's most complete datasets on corporate su"
Remote Data Analyst - 60736,Turing,Dehradun,False,,,,,2026-03-20T00:00:00.000Z,https://bebee.com/in/jobs/remote-data-analyst-60736-turing-dehradun--talent-18a96ca81d75?utm_campaign=google_jobs_apply&utm_source=google_jobs_apply&utm_medium=organic,"About Turing:

Based in San Francisco, California, Turing is the world’s leading research accelerator for frontier AI labs and a trusted partner for global enterprises deploying advanced AI systems.

Turing supports customers in two ways: first, by accelerating frontier research with high-quality da"
creq252822,Virtusa,Bengaluru,False,,,,,2026-04-07T00:00:00.000Z,https://www.virtusa.com/careers/job-search/in/bangalore/data-platforms/data-analyst-brf/creq252822?utm_campaign=google_jobs_apply&utm_source=google_jobs_apply&utm_medium=organic,"Apply for job with Virtusa in Bangalore, India. Virtusa helps business move forward, faster by combining deep industry expertise and frictionless technology delivery."
Senior Business Analyst / Data Analyst,PriceWaterhouseCoopers Pvt Ltd ( PWC ),IN,False,,,,,2026-04-03T00:00:00.000Z,https://www.shine.com/jobs/senior-business-analyst-data-analyst/pricewaterhousecoopers-pvt-ltd-pwc/18878249?utm_campaign=google_jobs_apply&utm_source=google_jobs_apply&utm_medium=organic,"As a Senior Associate specializing in Business Analysis and Data Analytics within the Data, Analytics & AI sector at PwC, your role will involve leveraging data to drive insights and support clients in making well-informed business decisions. You will utilize advanced analytics techniques to assist "
Senior Data Analyst,MS CLINICAL RESEARCH,Aizawl,False,,,,,2026-04-06T00:00:00.000Z,https://in.trabajo.org/job-2927-f8ca07d74459ef875ed6eeb3c1873691?utm_campaign=google_jobs_apply&utm_source=google_jobs_apply&utm_medium=organic,"Job Title: Senior Data Analyst – Team Lead

Experience: 8+ Years

Department: Data Analytics / Clinical Data Analytics

Location: Domlur, Bangalore

Reporting To: Director

Role Overview

We are seeking an experienced Senior Data Analyst – Team Lead to oversee data analytics operations, lead a team "
Clinical Data Analyst,Insight Global,Bunghmun,False,,,,,2026-03-20T00:00:00.000Z,https://bebee.com/in/jobs/clinical-data-analyst-insight-global-bunghmun--talent-7550a75f369f,Insight Global is hiring for a Remote Data Analyst to support our global healthcare data technology client. This individual will join a dedicated software development team supporting a clinical data platform used to derive insights across the clinical trial lifecycle. You will work closely with prod
Senior Data Analyst,MS CLINICAL RESEARCH,Aizawl,False,,,,,2026-04-06T00:00:00.000Z,https://in.trabajo.org/job-2927-f8ca07d74459ef875ed6eeb3c1873691,"Job Title: Senior Data Analyst – Team Lead

Experience: 8+ Years

Department: Data Analytics / Clinical Data Analytics

Location: Domlur, Bangalore

Reporting To: Director

Role Overview

We are seeking an experienced Senior Data Analyst – Team Lead to oversee data analytics operations, lead a team "
Tech Mahindra Data Analyst & AI Jobs - Work from Anywhere,Tech Mahindra,,True,20.0,30.0,,,2026-04-10T23:00:00.000Z,https://theelitejob.com/job/13125/tech-mahindra-data-analyst-ai-jobs-work-from-anywhere,"Job Summary:

Tech Mahindra is seeking a highly skilled and motivated Data Analyst & AI Specialist to join our dynamic team. This remote, work-from-anywhere opportunity is ideal for individuals with a strong background in data analysis, artificial intelligence, and machine learning, who are eager to"
Property Data Operations Analyst,"Intercontinental Exchange Holdings, Inc.",Hyderabad,False,,,,,2026-03-26T00:00:00.000Z,https://careers.ice.com/jobs/12521?lang=en-us,"Job Description

Job Purpose
• Conducts analysis, verification, and remediation and communicates the quality of publicly recorded information that is strategically abstracted, keyed, and located by third party vendors.
• Intent is to control content, integrity, and reliability of data through proces"
Lead Data Analyst - Hybrid,Credit Saison India,IN,False,,,,,2026-03-23T00:00:00.000Z,https://bebee.com/in/jobs/lead-data-analyst-hybrid-credit-saison-india--talent-8c99d1e72539,"JD - Lead Data Analyst About Credit Saison India Established in 2019, Credit Saison India (CS India) is one of the country’s fastest growing Non-Bank Financial Company (NBFC) lenders, with verticals in wholesale, direct lending and tech-enabled partnerships with Non-Bank Financial Companies (NBFCs) "
"Data Analyst, Business Modelling, India- X Delivery - Gurgaon",Boston Consulting Group,Gurugram,False,,,,,2026-04-05T00:00:00.000Z,https://in.jooble.org/jdp/-2612530464370212562,"Data Analyst, Business Modelling, India- X Delivery - Gurgaon, India

Locations : Gurgaon | Bengaluru

Who We Are

Boston Consulting Group partners with leaders in business and society to tackle their most important challenges and capture their greatest opportunities. BCG was the pioneer in business"
Senior Data Analyst III,Ruder Finn India,Navi Mumbai,False,,,,,2026-04-05T00:00:00.000Z,https://in.trabajo.org/job-3186-4c11e34f65a3c7cacbaf1e73e8f8ed45,"About the Company:

Ruder Finn is seeking a Senior Data Analyst (Data Analyst III) to join its award-winning Emerging Technology & Analytics team. The chosen candidate will support the agency’s new business efforts by spearheading the research activities such as but not limited to earned media analy"
Analyst - BBS Analytics,Bunge,IN,False,,,,,2026-03-27T00:00:00.000Z,https://jobs.bunge.com/job/Bhurai-In-Analyst-BBS-Analytics-PB-160059/1262839101/,"Location : Mohali

City : Mohali

State : Punjab (IN-PB)

Country : India (IN)

Requisition Number : 42217

Business Title Analyst – BBS Analytics

Role Purpose Statement Analyst - Analytics will be responsible for generating Tableau Dashboards for multiple use cases within Bunge Business Services f"
Business Analyst,Scoutit,Bagaluru,False,,,,,2026-04-10T00:00:00.000Z,https://in.linkedin.com/jobs/view/business-analyst-at-scoutit-4398123270,"We're looking for Business Analysts!

Responsibilities

• Collaborate with business stakeholders to gather and document requirements, goals, and objectives.
• Analyze business processes and workflows, identifying areas for improvement or automation.
• Conduct data analysis to identify trends, patter"
"Lead Business Analyst - Credit Analyst - IT (Information Technology) - Bangalore, India",Societe Generale,Bengaluru,False,,,,,2026-04-08T00:00:00.000Z,https://careers.societegenerale.com/en/job-offers/lead-business-analyst-credit-analyst-2600073O-en,"Responsibilities

Experience: 12+ Years

Job Summary: We are seeking an experienced Principal Business Analyst / Consultant to lead and manage complex business analysis initiatives across multiple teams. The ideal candidate will have a proven track record in requirement gathering, stakeholder manage"
Business Analyst,Align Technology,Pune,False,,,,,2026-04-06T00:00:00.000Z,https://jobs.aligntech.com/en/postings/22e46811-1f15-4de8-8324-706019c2285a,"Business Analyst
Department: Research & Development
Employment Type: Full Time
Location: APAC-India-Pune

Description
We’re hiring a Business Analyst to support digital products in the healthcare/regulatory compliance space. You’ll work closely with Product, Engineering, UX, QA, DevOps, and stakehol"
Business Analyst - Payment,Luxoft,Bengaluru,False,,,,,2026-04-10T00:00:00.000Z,https://in.linkedin.com/jobs/view/business-analyst-payment-at-luxoft-4400386351,"Project Description:

We are seeking a skilled and detail-oriented professional Functional BA with good knowledge in implementing solutions in the Trade Finance domain. You will be responsible for integrating core banking systems, payment gateways, and other financial applications, troubleshooting m"
Deputy Manager - Senior Business Analyst Plant Controlling,Bosch Group,Vengadasalapuram,False,,,,,2026-04-06T00:00:00.000Z,https://jobs.smartrecruiters.com/BoschGroup/744000119020227-deputy-manager-senior-business-analyst-plant-controlling,"Company Description

BOSCH GanP

Job Description

• Product Cost Controlling - Product Costing, Budget controls & Driving Cost reductions

• Finalization of Monthly Results (FAR), Current Forecast (CF), Business Plan (BP) finalization & Management Reporting

• Project Cost calculations, Cost Enquiri"
Platform Business Analyst-Servicenow,Roche,Pune,False,,,,,2026-04-09T00:00:00.000Z,https://careers.roche.com/global/en/job/ROCHGLOBAL202603107741EXTERNALENGLOBAL/Platform-Business-Analyst-Servicenow,"At Roche you can show up as yourself, embraced for the unique qualities you bring. Our culture encourages personal expression, open dialogue, and genuine connections, where you are valued, accepted and respected for who you are, allowing you to thrive both personally and professionally. This is how "
Business Analytics Analyst - Python / PySpark / Tableau,Early Career,Gurugram,False,,,,,2026-04-07T00:00:00.000Z,https://jobs.citi.com/job/haryana/business-analytics-analyst-python-pyspark-tableau/287/93490232768,"Business Analytics, Analyst – Analytics & Information Management (AIM), Gurugram

Excited to grow your career?
• We value our talented employees, and whenever possible strive to help one of our associates grow professionally before recruiting new talent to our open positions. If you think the open p"
Lead Business Analyst - Director - Business Analysis,131 Morgan Stanley Advantage Svcs,IN,False,,,,,2026-04-05T00:00:00.000Z,https://ms.wd5.myworkdayjobs.com/External/job/Mumbai-India/Lead-Business-Analyst---Director---Business-Analysis_PT-JR033587,Senior Business Analyst - Director - Business Analysis Profile Description We’re seeking someone to join our Finance Operations Risk Tech (FORT) team as a Senior Business Analyst in Operations Technology. CDRT (Counterparty Data and Regulatory Technology) is part of Operations Technology and is resp
Transformation Analyst Lead(6+Years on Business Process Analysis/Consulting with AI enabled Transformation experience),FIS Global,Pune,False,,,,,2026-04-10T23:00:00.000Z,https://careers.fisglobal.com/us/en/job/FIGLUSJR0305332EXTERNAL/Transformation-Analyst-Lead-6-Years-on-Business-Process-Analysis-Consulting-with-AI-enabled-Transformation-experience,"Position Type :
Full time

Type Of Hire :
Experienced (relevant combo of work and education)

Education Desired :
Associate's Degree

Business Process Analyst – AI Enablement & Change

Are you curious, motivated, and forward-thinking? At FIS you’ll have the opportunity to work on some of the most ch"
Senior Analyst - Business Intelligence,United Airlines,Gurugram,False,,,,,2026-04-09T00:00:00.000Z,https://careers.united.com/us/en/job/GGN00002438/Senior-Analyst-Business-Intelligence,"Achieving our goals starts with supporting yours. Grow your career, access top-tier health and wellness benefits, build lasting connections with your team and our customers, and travel the world using our extensive route network.

Come join us to create what’s next. Let’s define tomorrow, together.
"
Business Analyst (Contact Center Domain) with Capgemini (Pune),Skill Arbitrage Opportunities,Gurugram,False,,,,,2026-04-05T00:00:00.000Z,https://skillarbitragejobs.com/job-details/business-analyst-contact-center-domain-with-capgemini-pune?utm_campaign=google_jobs_apply&utm_source=google_jobs_apply&utm_medium=organic,"About the Organisation Capgemini is a global leader in consulting, technology services, and digital transformation. With over 340,000 professionals across more than 50 countries and a legacy of over 55 years, the organisation helps businesses transform and manage operations through technology. It of"
IN_Sr Associate_Business Analyst_iGT - Citizen and Business Services_Advisory_Jaipur,PwC India,Jaipur,False,,,,,2026-04-07T00:00:00.000Z,https://in.linkedin.com/jobs/view/in-sr-associate-business-analyst-igt-citizen-and-business-services-advisory-jaipur-at-pwc-india-4398507614?utm_campaign=google_jobs_apply&utm_source=google_jobs_apply&utm_medium=organic,"Line of Service
Advisory

Industry/Sector
Not Applicable

Specialism
Deals

Management Level
Senior Associate

Job Description & Summary
At PwC, our people in data and analytics focus on leveraging data to drive insights and make informed business decisions. They utilise advanced analytics technique"
Business Analyst-Senior,Ernst & Young (EY),IN,False,,,,,2026-03-26T00:00:00.000Z,https://www.shine.com/jobs/business-analyst-senior/ernst-young-ey/18823610?utm_campaign=google_jobs_apply&utm_source=google_jobs_apply&utm_medium=organic,"As a Business Analyst at EY, your role will involve working on one or more Banking transformation projects. Your responsibilities will include:

- Demonstrating excellent business communication skills during client discussions and being able to convince the client on the proposed solutions.
- Workin"
Business Analyst- Tarde Surveillance,BNP Paribas India Solutions,Bengaluru,False,,,,,2026-03-26T00:00:00.000Z,https://group.bnpparibas/en/careers/job-offer/business-analyst-tarde-surveillance?utm_campaign=google_jobs_apply&utm_source=google_jobs_apply&utm_medium=organic,"About BNP Paribas India Solutions:Established in 2005, BNP Paribas India Solutions is a wholly owned subsidiary of BNP Paribas SA, European Union’s leading bank with an international reach. With delivery centers located in Bengaluru, Chennai and Mumbai, we are a 24x7 global delivery center. India So"
Trade Finance Business Analyst (with IMEX),Luxoft,IN,False,,,,,2026-04-06T00:00:00.000Z,https://in.indeed.com/viewjob?jk=d230aa149221afa2&utm_campaign=google_jobs_apply&utm_source=google_jobs_apply&utm_medium=organic,"Project description

We are seeking a skilled and detail-oriented professional Functional BA with good knowledge in implementing solutions in the Trade Finance domain. The ideal candidate will be responsible for integrating core banking systems, payment gateways, and other financial applications, tr"
Business Analyst Core Banking,Tata Consultancy Services,Mumbai,False,,,,,2026-04-01T00:00:00.000Z,https://bebee.com/in/jobs/business-analyst-core-banking-tata-consultancy-services-mumbai--theirstack-654805792?utm_campaign=google_jobs_apply&utm_source=google_jobs_apply&utm_medium=organic,"• Strong functional background and understanding of Core Banking. This is in the banking space with areas like Deposits , Loans , Trade Finance , CASA and related accounting

2.

Experience on a Core Banking system is a key skill needed

3.

Experience in Loans Operations , Trade Finance Operations "
Senior Technology Business Analyst,Conduent Business Services India LLP,Noida,False,,,,,2026-04-02T00:00:00.000Z,https://careers.conduent.com/us/en/job/21147/Senior-Technology-Business-Analyst?utm_campaign=google_jobs_apply&utm_source=google_jobs_apply&utm_medium=organic,"Through our dedicated associates, Conduent delivers mission-critical services and solutions on behalf of Fortune 100 companies and over 500 governments - creating exceptional outcomes for our clients and the millions of people who count on them. You have an opportunity to personally thrive, make a d"
Associate Business Analyst,UnitedHealth Group,Noida,False,,,,,2026-03-31T00:00:00.000Z,https://careers.unitedhealthgroup.com/job/noida/associate-business-analyst/34088/93475031888?utm_campaign=google_jobs_apply&utm_source=google_jobs_apply&utm_medium=organic,"Optum is a global organization that delivers care, aided by technology to help millions of people live healthier lives. The work you do with our team will directly improve health outcomes by connecting people with the care, pharmacy benefits, data and resources they need to feel their best. Here, yo"
Technology Business Analyst,Barclays,Pune,False,,,,,2026-03-24T00:00:00.000Z,https://search.jobs.barclays/job/pune/technology-business-analyst/13015/93183455760?utm_campaign=google_jobs_apply&utm_source=google_jobs_apply&utm_medium=organic,"Join Barclays as a Technology Business Analyst role, where to support the organisation, achieve its strategic objectives by the identification of business requirements and solutions that address business problems and opportunities. At Barclays, we don't just anticipate the future - we're creating it"
"Senior Business Analyst Asset Stewardship- Assistant Manager | Bangalore, IN",State Street Corporation,Bengaluru,False,,,,,2026-04-08T00:00:00.000Z,https://www.efinancialcareers.com/jobs-India-Bangalore-Senior_Business_Analyst_Asset_Stewardship-_Assistant_Manager.id24098761?utm_campaign=google_jobs_apply&utm_source=google_jobs_apply&utm_medium=organic,"Senior Business Analyst Asset Stewardship- Assistant Manager

{""description"": "" Company: State Street Investment Management

Division: Sustainable Investing

Opportunity: Senior Business Analyst, Asset Stewardship

Location: Bangalore, India

The Asset Stewardship team at State Street Investment Man"
Senior Business Process Analyst,Ecolab Inc.,Bengaluru,False,,,,,2026-04-09T00:00:00.000Z,https://jobs.ecolab.com/global/en/job/R00288774/Senior-Business-Process-Analyst?utm_campaign=google_jobs_apply&utm_source=google_jobs_apply&utm_medium=organic,"• Ecolab is seeking a Senior SAP EHS IT Business Process Analyst to work on the Tier 2 SAP Support team. In this role you will work with users to address tickets that may involve functional configuration, troubleshooting, data correction and/or end user training. You will be responsible for providin"
"Business Analyst II, Global Data Analytics (GDA), Finance Operations",Amazon,IN,False,,,,,2026-04-02T00:00:00.000Z,https://www.shine.com/jobs/business-analyst-ii-global-data-analytics-gda-finance-operations/amazon/18862381?utm_campaign=google_jobs_apply&utm_source=google_jobs_apply&utm_medium=organic,"As a Business Analyst at ADCI HYD 13 SEZ, you will be an integral part of the high-visibility, growth-oriented, and dynamic Finance Operations, Global Data & Analytics (GDA) team. Your main responsibilities will include:

- Business partnering with Accounts Receivable and Accounts Payable leaders to"
Senior Consultant | Business Analyst | Delhi | Finance Transformation,Deloitte,IN,False,,,,,2026-04-04T00:00:00.000Z,"https://www.glassdoor.co.in/job-listing/senior-consultant-business-analyst-delhi-finance-transformation-deloitte-JV_KO0,63_KE64,72.htm?jl=1010056248455&utm_campaign=google_jobs_apply&utm_source=google_jobs_apply&utm_medium=organic","Job requisition ID :: 97277

Date: Apr 3, 2026

Location: Delhi

Designation: Senior Consultant

Entity: Deloitte Touche Tohmatsu India LLP

Role 1:

Agile Business Analyst, good in excel

Risk Management

FRM, CFA, Credit Risk, CBAP certified preferred

Tools: Calypso preferred

Role 2:

Agile Busi"
Sr business analyst,Katalytx Analytics,Gandhi Nagar,False,,,,,2026-04-09T00:00:00.000Z,https://www.recruit.net/job/sr-business-analyst-jobs/B92674F5C5B58497?utm_campaign=google_jobs_apply&utm_source=google_jobs_apply&utm_medium=organic,"We are seeking a Senior Business Analyst with a strong background in manufacturing processes and systems to join our client’s transformation journey. This role requires both domain expertise and the ability to drive strategic initiatives across complex enterprise environments.
Sr BA - Manufacturing "
Senior Analyst - BCG Vantage,Boston Consulting Group,Gurugram,False,,,,,2026-03-25T00:00:00.000Z,https://careers.bcg.com/ca/fr/job/56705/Senior-Analyst-BCG-Vantage?utm_campaign=google_jobs_apply&utm_source=google_jobs_apply&utm_medium=organic,"Who We Are

Boston Consulting Group partners with leaders in business and society to tackle their most important challenges and capture their greatest opportunities. BCG was the pioneer in business strategy when it was founded in 1963. Today, we help clients with total transformation-inspiring compl"
Business Analyst(Walkin),ADP,IN,False,,,,,2026-03-31T00:00:00.000Z,https://in.linkedin.com/jobs/view/business-analyst-walkin-at-adp-4395856904?utm_campaign=google_jobs_apply&utm_source=google_jobs_apply&utm_medium=organic,"Date of drive – 2nd of April

ADP Private Limited

The Square, Survey No: 35,Hissa, No.9+10+11+12, Nagar Road, Wadgoansheri

Pune, Maharashtra - 411 014

Job title – Business Analyst

Number of open positions – 3

Job Title - Business Analyst & Scoping Analyst

Venue - ADP Pune

Time - 3pm - 5 pm

J"
Marketing Technology Business Analyst,Pearson India Education Services Pvt Ltd,Bengaluru,False,,,,,2026-04-06T00:00:00.000Z,https://apna.co/job/bengaluru/specialist-solution-architect-1139455705?utm_campaign=google_jobs_apply&utm_source=google_jobs_apply&utm_medium=organic,"Specialist, Solution Architect

Marketing Technology Business Analyst

Role Summary

The Marketing Technology Business Analyst plays a critical role in enabling the success of our centralized Marketing Technology (MarTech) organization. Following the consolidation of marketing technology capabilitie"
"Business Analyst, IN Stores",Amazon.com,Bengaluru,False,,,,,2026-03-19T00:00:00.000Z,https://bebee.com/in/jobs/business-analyst-in-stores-amazoncom-bengaluru-karnataka--theirstack-646862554?utm_campaign=google_jobs_apply&utm_source=google_jobs_apply&utm_medium=organic,"## DESCRIPTION

About Amazon.com:

At Amazon, we're working to be the world’s most customer-centric company. Driving innovation on behalf of customers is core to our mission and the IPAT team within the Finance organization is responsible for partnering with the business to deliver on this mission. "
Banking - Sr Business Analyst - Officer,Early Career,Mumbai,False,,,,,2026-04-09T00:00:00.000Z,https://jobs.citi.com/job/mumbai/banking-sr-business-analyst-officer/287/92921827024?utm_campaign=google_jobs_apply&utm_source=google_jobs_apply&utm_medium=organic,"Job Description

The Human Capital team plays a critical strategic role in the design, implementation, and execution of workforce strategies to support Banking (Investment Banking, Corporate Banking, Commercial Banking) business objectives.

Through this role you will contribute to an optimization o"
Business Analytics & AI Lead,A.P. Moller - Maersk,Bengaluru,False,,,,,2026-04-09T00:00:00.000Z,https://in.linkedin.com/jobs/view/business-analytics-ai-lead-at-a-p-moller-maersk-4400237407?utm_campaign=google_jobs_apply&utm_source=google_jobs_apply&utm_medium=organic,"Job Title: P60160021 Business Analytics & AI Lead

Level: JL4

Location: India (Remote)

As a company, we promote a culture of honesty and integrity, and value the trust it allows us to build with customers and employees alike. Our focus on our people is what sets us apart and keeps our customers co"
Technology Research Analyst - AI and Emerging Technologies,Ernst & Young LLP ( EY India ),IN,False,,,,,2026-04-06T00:00:00.000Z,https://apna.co/job/thiruvananthapuram/ct-nitro-research-innovation-analyst-1002542944?utm_campaign=google_jobs_apply&utm_source=google_jobs_apply&utm_medium=organic,"CT - NITRO - Research Innovation Analyst

At EY, you’ll have the chance to build a career as unique as you are, with the global scale, support, inclusive culture and technology to become the best version of you. And we’re counting on your unique voice and perspective to help EY become even better, t"
AI Project Business Analyst,Alstom,Bengaluru,False,,,,,2026-04-09T00:00:00.000Z,https://www.bayt.com/en/india/jobs/ai-project-business-analyst-74404578/?utm_campaign=google_jobs_apply&utm_source=google_jobs_apply&utm_medium=organic,"Req ID:509647

At Alstom, we understand transport networks and what moves people. From high-speed trains, metros, monorails, and trams, to turnkey systems, services, infrastructure, signalling and digital mobility, we offer our diverse customers the broadest portfolio in the industry. Every day, mor"
HIH - Machine Learning Analyst,The Cigna Group,Hyderabad,False,,,,,2026-04-05T00:00:00.000Z,https://jobs.thecignagroup.com/us/en/job/26000910/HIH-Machine-Learning-Analyst?utm_campaign=google_jobs_apply&utm_source=google_jobs_apply&utm_medium=organic,"Machine Learning (AI) Analyst

Position Overview

We’re looking for an Engineer who will be responsible for accelerating us on the embedded solutions(UI/API & LLM) journey for our platforms. The journey requires building foundational capabilities/patterns and enabling teams from a design, technical "
Remote AI Quality Analyst (Hindi) - 62139,Turing,Belagavi,False,,,,,2026-03-22T00:00:00.000Z,https://bebee.com/in/jobs/remote-ai-quality-analyst-hindi-62139-turing-belagavi--talent-d9aa1c0b095f?utm_campaign=google_jobs_apply&utm_source=google_jobs_apply&utm_medium=organic,"About Turing:

Based in San Francisco, California, Turing is the world’s leading research accelerator for frontier AI labs and a trusted partner for global enterprises deploying advanced AI systems.

Turing supports customers in two ways: first, by accelerating frontier research with high-quality da"
"AI & Analytics Product Engineer | Bangalore, IN",Swiss Re,Bengaluru,False,,,,,2026-03-26T00:00:00.000Z,https://www.efinancialcareers.com/jobs-India-Bangalore-AI__Analytics_Product_Engineer.id24031924?utm_campaign=google_jobs_apply&utm_source=google_jobs_apply&utm_medium=organic,"AI & Analytics Product Engineer

{""description"": "" AI & Analytics Product Engineer

Are you passionate about transforming complex risk data into powerful AI solutions that drive real-world business decisions? Join our innovative team at Swiss Re where you'll leverage cutting-edge AI and analytics to"
AI BA/AI Workflow process analyst,EY,Pune,False,,,,,2026-04-09T00:00:00.000Z,https://jobs.weekday.works/ai-ba-ai-workflow-process-analyst-at-ey-4398814788?utm_campaign=google_jobs_apply&utm_source=google_jobs_apply&utm_medium=organic,"EY

Website: ey.com

Job details:

At EY, you’ll have the chance to build a career as unique as you are, with the global scale, support, inclusive culture and technology to become the best version of you. And we’re counting on your unique voice and perspective to help EY become even better, too. Joi"
AI Generalist,Nanonets,IN,False,,,,,2026-03-23T00:00:00.000Z,https://bebee.com/in/jobs/ai-generalist-nanonets--talent-40093c250ac9?utm_campaign=google_jobs_apply&utm_source=google_jobs_apply&utm_medium=organic,"Join Nanonets to push the boundaries of what's possible with deep learning. We're not just implementing models – we're setting new benchmarks in document AI, with our open-source models achieving nearly 1 million downloads on Hugging Face and recognition from global AI leaders.

Backed by $40M+ in t"
AI Operations and Optimization Analyst,Ecolab Inc.,Pune,False,,,,,2026-03-17T00:00:00.000Z,https://jobs.ecolab.com/global/en/job/R00265142/AI-Operations-and-Optimization-Analyst?utm_campaign=google_jobs_apply&utm_source=google_jobs_apply&utm_medium=organic,"Job Description

At Ecolab, you can help take on some of the world’s most meaningful challenges, delivering critical insights and innovative solutions to help our customers achieve clean water, safe food, abundant energy and healthy environments. With our worldwide reach and ambitious growth plans, "
Sr Director Analyst - Data Management Platforms and AI Enablement (Remote India),Gartner,IN,True,,,,,2026-03-16T00:00:00.000Z,https://builtin.com/job/sr-director-analyst-data-management-platforms-and-ai-enablement-remote-india/8193029?utm_campaign=google_jobs_apply&utm_source=google_jobs_apply&utm_medium=organic,"Job Title : Senior Director, Analyst

Location : Remote-India

About the role:

Gartner Analysts are industry thought leaders who create must-have insights, market predictions and best practices for a broad range of world-leading organizations. A Senior Director serves as a leader within Gartner’s B"
Global Data Analyst Senior Specialist,Boston Consulting Group,Gurugram,False,,,,,2026-04-10T23:00:00.000Z,https://careers.bcg.com/global/en/job/56788/Global-Data-Analyst-Senior-Specialist,"Who We Are

Boston Consulting Group partners with leaders in business and society to tackle their most important challenges and capture their greatest opportunities. BCG was the pioneer in business strategy when it was founded in 1963. Today, we help clients with total transformation-inspiring compl"
Senior AI Developer,BlackLine,Bengaluru,False,,,,,2026-04-07T00:00:00.000Z,https://careers.blackline.com/sales/jobs/7331?lang=en-us,"Get to Know Us:

It's fun to work in a company where people truly believe in what they're doing!
At BlackLine, we're committed to bringing passion and customer focus to the business of enterprise applications.
Since being founded in 2001, BlackLine has become a leading provider of cloud software tha"
Discretionary Analyst- Ai/ml Driven,AAA Global,Hubballi,False,,,,,2026-03-12T00:00:00.000Z,https://bebee.com/in/jobs/discretionary-analyst-ai-ml-driven-aaa-global-hubli--jobssear-3890489535,"Role: Discretionary Analyst- AI/ML Driven Location: Mumbai / Jaipur / Remote within India Experience: 3+ years About the Role A well-backed investment firm is looking for an Analyst who uses AI-led approaches for stock selection in the Indian markets.

This is a technology-first role focused on buil"
AI Functional Senior Consultant,C3 India Delivery Centre LLP,Noida,False,,,,,2026-04-04T00:00:00.000Z,https://careers.crowe.com/job/CROCROUSR49950EXTERNALENUS/AI-Functional-Senior-Consultant,"Your Journey at Crowe Starts Here:
At Crowe, you can build a meaningful and rewarding career. With real flexibility to balance work with life moments, you’re trusted to deliver results and make an impact. We embrace you for who you are, care for your well-being, and nurture your career. Everyone has"
Business Analyst - Gen AI Projects,Nasugroup,Chennai,False,,,,,2026-04-03T00:00:00.000Z,https://www.shine.com/jobs/business-analyst-gen-ai-projects/nasugroup/18876057,"As a Business Analyst for Gen AI projects, you will play a crucial role in understanding business needs and leveraging Gen AI solutions to enhance business processes. Your responsibilities will include:

- Translating business requirements into precise documentation.
- Collaborating with Gen AI, dat"
IT Business Systems Analyst (Automation & AI),IN01 Illumina India,IN,False,,,,,2026-03-24T00:00:00.000Z,https://illumina.wd1.myworkdayjobs.com/en-US/illumina-careers/job/IT-Business-Systems-Analyst--Automation---AI-_42264-JOB,"What if the work you did every day could impact the lives of people you know? Or all of humanity? At Illumina, we are expanding access to genomic technology to realize health equity for billions of people around the world. Our efforts enable life-changing discoveries that are transforming human heal"
AI-Powered Engineer — Product & Automation,Viral Pitch: Influencer Marketing Platform,Gurugram,False,,,,,2026-04-05T00:00:00.000Z,https://in.linkedin.com/jobs/view/ai-powered-engineer-%E2%80%94-product-automation-at-viral-pitch-influencer-marketing-platform-4394436643,"Company Description

Viral Pitch is a ""self-serve"" influencer advertising platform designed to empower brands with authentic content and meaningful influencer relationships. The platform simplifies collaborations between brands and influencers by leveraging data-driven insights and scalable solution"
Lead Specialist - Insurance Operations (AI Specialist),Marsh,Mumbai,False,,,,,2026-04-09T00:00:00.000Z,https://careers.marsh.com/global/en/job/MAMCGLOBALR329782EXTERNALENGLOBAL/Lead-Specialist-Insurance-Operations-AI-Specialist,"We are seeking a talented individual to join our Insurance Operations team at Marsh. This role will be based in Mumbai. This is a hybrid role that has a requirement of working at least three days a week in the office.

Lead Specialist – Insurance Operations (Grade D1)

We are seeking a motivated and"
Remote Data Analyst - 60736,Turing,Mysuru,False,,,,,2026-03-22T00:00:00.000Z,https://bebee.com/in/jobs/remote-data-analyst-60736-turing-mysuru--talent-fc6af2f8ca9b,"About Turing:

Based in San Francisco, California, Turing is the world’s leading research accelerator for frontier AI labs and a trusted partner for global enterprises deploying advanced AI systems.

Turing supports customers in two ways: first, by accelerating frontier research with high-quality da"
Ops Associate (AI + Content),Pocket FM,,True,,,,,2026-04-05T00:00:00.000Z,https://in.linkedin.com/jobs/view/ops-associate-ai-%2B-content-at-pocket-fm-4397897060,"About the job

About the Role

Great content delights users.

Smart operations make it happen at scale.

Where the richness of Hindi content meets the cutting-edge power of AI.

Your mission: to craft compelling stories and streamline operations, making a massive impact on content at scale.

Are you"
Senior Data Engineer – Live Ingestion & Reliability,Fomogo - Hire Fast with AI,Bengaluru,False,,,,,2026-04-10T00:00:00.000Z,https://in.linkedin.com/jobs/view/senior-data-engineer-%E2%80%93-live-ingestion-reliability-at-fomogo-hire-fast-with-ai-4383222307?utm_campaign=google_jobs_apply&utm_source=google_jobs_apply&utm_medium=organic,"Note: This job is not for Fomogo, but one of our clients, NextAlphaAI

About NextAlpha

We build AI-powered intelligence for India's retail investment market. Our product, InvestorAI, is embedded inside broker apps — giving investors company intelligence and portfolio alerts drawn from BSE/NSE filin"
Ai Generalist,Kreative & Co.,Navi Mumbai,False,,,,,2026-03-27T00:00:00.000Z,https://bebee.com/in/jobs/ai-generalist-kreative-co-navi-mumbai-maharashtra--theirstack-652020130?utm_campaign=google_jobs_apply&utm_source=google_jobs_apply&utm_medium=organic,"• *Company Description**

Kreative & Co. is a leading agency driven by innovation and creativity, specializing in maximizing ROI for brands. Our team excels in crafting impactful communication strategies that help brands connect meaningfully with their audiences. By offering a diverse range of servi"
"Product Analyst, AI Foundations",Tide,Hyderabad,False,,,,,2026-04-05T00:00:00.000Z,https://echojobs.io/job/tide-product-analyst-4-ai-foundations-frg15?utm_campaign=google_jobs_apply&utm_source=google_jobs_apply&utm_medium=organic,"Product Analyst - 4 (AI Foundations)

Location: India, Hyderabad

Department: One Platform
ABOUT TIDE

At Tide we help SMEs save time (and money) in the running of their businesses by not only offering business accounts and related banking services, but also a comprehensive set of highly usable and "
EH-FY26-Consulting-AI & Data-Analyst-Business Analyst,Deloitte,Chennai,False,,,,,2026-04-05T00:00:00.000Z,https://jobs.weekday.works/eh-fy26-consulting-ai-data-analyst-business-analyst-at-deloitte-4394437014?utm_campaign=google_jobs_apply&utm_source=google_jobs_apply&utm_medium=organic,"Deloitte

Website: deloitte.com

Job details:

Summary

Position Summary

Artificial Intelligence & Engineering

AI & Engineering leverages cutting-edge engineering capabilities to help build, deploy, and operate integrated/verticalized sector solutions in software, data, AI, network, and hybrid clo"
AI Researcher And Prompt Expert,Prachand Entertainment,Mumbai,False,,,,,2026-03-19T00:00:00.000Z,https://bebee.com/in/jobs/ai-researcher-and-prompt-expert-prachand-entertainment-mumbai-maharashtra--theirstack-646828497?utm_campaign=google_jobs_apply&utm_source=google_jobs_apply&utm_medium=organic,"• *Company Description**

Prachand Entertainment is a versatile production company specializing in storytelling, production, post-production, and sound. With three distinct verticals, the company delivers creative and innovative solutions tailored to the evolving entertainment industry. Dedicated to"
Remote Data Analyst - 60736,Turing,Vellore,False,,,,,2026-03-20T00:00:00.000Z,https://bebee.com/in/jobs/remote-data-analyst-60736-turing-vellore--talent-f7d66cefc47e?utm_campaign=google_jobs_apply&utm_source=google_jobs_apply&utm_medium=organic,"About Turing:

Based in San Francisco, California, Turing is the world’s leading research accelerator for frontier AI labs and a trusted partner for global enterprises deploying advanced AI systems. Turing supports customers in two ways: first, by accelerating frontier research with high-quality dat"
Generative AI- Data Scientist-Senior Associate,PwC Acceleration Center India,Bengaluru,False,,,,,2026-03-19T00:00:00.000Z,https://bebee.com/in/jobs/generative-ai-data-scientist-senior-associate-pwc-acceleration-center-india-bengaluru-east-karnataka--theirstack-646724708?utm_campaign=google_jobs_apply&utm_source=google_jobs_apply&utm_medium=organic,"At PwC, our people in data and analytics focus on leveraging data to drive insights and make informed business decisions. They utilise advanced analytics techniques to help clients optimise their operations and achieve their strategic goals. In data analysis at PwC, you will focus on utilising advan"
Software Engineer Agentic AI,Barclays,Bengaluru,False,,,,,2026-04-08T00:00:00.000Z,https://search.jobs.barclays/job/bengaluru/software-engineer-agentic-ai/13015/93764357056?utm_campaign=google_jobs_apply&utm_source=google_jobs_apply&utm_medium=organic,"Join us as a Software Engineer Agentic AI at Barclays, where you'll spearhead the evolution of our digital landscape, driving innovation and excellence. You'll harness cutting-edge technology to revolutionize our digital offerings, ensuring unapparelled customer experiences. The ideal candidate will"
AI Quality Analyst (Personalization) – Chinese / Japanese / Korean / Thai,Destinare Services,Bunghmun,False,,,,,2026-03-13T00:00:00.000Z,https://bebee.com/in/jobs/ai-quality-analyst-personalization-chinese-japanese-korean-thai-destinare-services-bunghmun--talent-c7e3856978a7?utm_campaign=google_jobs_apply&utm_source=google_jobs_apply&utm_medium=organic,"Destinare Services is hiring AI Quality Analysts to evaluate personalization features in AI models. The role involves designing multi-turn prompts using personal context and evaluating AI responses for accuracy, grounding, and helpfulness.

Candidates must be fluent in any one of the following langu"
Pricing and Revenue Analyst,Revopt.ai,Hubballi,False,,,,,2026-03-22T00:00:00.000Z,https://bebee.com/in/jobs/pricing-and-revenue-analyst-revoptai-hubli--talent-7a3fb200379e?utm_campaign=google_jobs_apply&utm_source=google_jobs_apply&utm_medium=organic,"Company Description

We are a global revenue management and consulting company that provides active revenue management solutions to help multi-property, short-term rental owners and managers maximize revenue, optimize operations, and scale portfolios with ease.

Role Description

This is a full-time"
Data Analyst (fresher),Clovity,Solapur,False,,,,,2026-03-20T00:00:00.000Z,https://bebee.com/in/jobs/data-analyst-fresher-clovity-solpur--jobssear-3909893293?utm_campaign=google_jobs_apply&utm_source=google_jobs_apply&utm_medium=organic,"The ideal candidate will use their passion for big data and analytics to provide insights to the business covering a range of topics.

They will be responsible for conducting both recurring and ad hoc analysis for business users.

Responsibilities Understand the day-to-day issues that our business f"
Data Analyst - Part Time - Freshers,TELUS Digital,Thiruvananthapuram,False,,,,,2026-04-01T00:00:00.000Z,https://thiruvananthapuram.in.expertini.com/job/data-analyst-part-time-freshers-thiruvananthapuram-telus-digital-237e5c883543/?utm_campaign=google_jobs_apply&utm_source=google_jobs_apply&utm_medium=organic,"A Day in the Life of an Online Data Analyst: In this role, you will be working on a project aimed at enhancing the content and quality of digital maps that are used by millions of people worldwide Completing research and evaluation tasks in a web-based environment such as verifying and comparing dat"
Analyst Fresher - (Any Degree),Xpertmindz Innovative Solutions Private Limited,IN,False,,,,,2026-04-07T00:00:00.000Z,"https://www.glassdoor.co.in/job-listing/analyst-fresher-any-degree-xpertmindz-innovative-solutions-private-limited-JV_KO0,26_KE27,74.htm?jl=1010093976574&utm_campaign=google_jobs_apply&utm_source=google_jobs_apply&utm_medium=organic","• Any degree can apply
• Knowledge in MS office and Analysing
• Data analysis, Research analyzing and reporting.
• Ability to build and maintain relationships with clients.
• Ability to work independently and as part of a team.
• Team Coordination
• Time Management skills
• Adoptability
• Location :"
CX Support Analyst ( Fresher 2025 ),Athenahealth,Chennai,False,,,,,2026-04-10T23:00:00.000Z,https://careers.athenahealth.com/us/en/job/R14796/CX-Support-Analyst-Fresher-2025?utm_campaign=google_jobs_apply&utm_source=google_jobs_apply&utm_medium=organic,"Join us as we work to create a thriving ecosystem that delivers accessible, high-quality, and sustainable healthcare for all.

CX Support Analyst for the Clinicals team within Customer care department is responsible for investigating, resolving, and addressing inquiries related to clinical workflows"
Data Analyst Jobs in India – Fresher Friendly – Hybrid Model,Progressive Technology,IN,True,20.0,30.0,,,2026-04-08T00:00:00.000Z,https://theelitejob.com/job/17576/data-analyst-jobs-in-india-%E2%80%93-fresher-friendly-%E2%80%93-hybrid-model?utm_campaign=google_jobs_apply&utm_source=google_jobs_apply&utm_medium=organic,"Job Summary

Progressive Technology is hiring entry-level Data Analysts who are passionate about turning raw data into actionable insights. This is a fresher-friendly role with a structured onboarding plan, mentorship, and hands-on project exposure. You will learn to collect, clean, analyze, visuali"
Hiring For Data Analyst,CRUZ INTERPRISES,Bhubaneswar,False,,,,,2026-04-07T00:00:00.000Z,https://www.shine.com/jobs/hiring-for-data-analyst/cruz-interprises/18897265?utm_campaign=google_jobs_apply&utm_source=google_jobs_apply&utm_medium=organic,"We are looking to hire a data analyst to join our data team. You will take responsibility for managing our master data set, developing reports, and troubleshooting data issues. To do well in this role you need a very fine eye for detail, experience as a data analyst, and a deep understanding of the "
Data Analyst (English Speaker) - Fresher,"Peroptyx (Castlebar, Ireland)",IN,True,,,,,2026-03-12T00:00:00.000Z,https://internshala.com/job/detail/fresher-remote-part-time-data-analyst-english-speaker-job-at-peroptyx1773398243?utm_campaign=google_jobs_apply&utm_source=google_jobs_apply&utm_medium=organic,"About the job:
Key responsibilities:

1. Provide ground truth for mapping data specific to your town, city, or country

2. Review digital mapping application data to ensure accuracy

3. Validate navigation routes to confirm they are accurate and safe

4. Verify the correctness of business names and "
Data/SQL Analyst - Power BI,KC Overseas Education,Nagpur,False,,,,,2026-04-07T00:00:00.000Z,https://www.shine.com/jobs/data-sql-analyst-power-bi/kc-overseas-education/18902860?utm_campaign=google_jobs_apply&utm_source=google_jobs_apply&utm_medium=organic,"You will be joining KC Overseas Education, a thriving Multinational EdTech company with a strong presence in 11 global locations across South Asia, South-East Asia, and Africa, and rapidly expanding worldwide. With a team of 850+ professionals, we are revolutionizing access to overseas education thr"
Data Analyst - Work From Home (Fresher Friendly),The Elite Job,IN,True,20.0,30.0,,,2026-04-10T23:00:00.000Z,https://theelitejob.com/job/16088/data-analyst-work-from-home-fresher-friendly?utm_campaign=google_jobs_apply&utm_source=google_jobs_apply&utm_medium=organic,"Job Summary:

The Elite Job is seeking a detail-oriented and motivated Data Analyst to join our team in a remote work-from-home capacity. This position is ideal for fresh graduates or individuals looking to kick-start their career in data analysis. As a Data Analyst, you will be responsible for coll"
data analyst Fresher/ 6 months computer diploma-12k (Delhi),RB Consultant,New Delhi,False,,,,,2026-04-03T00:00:00.000Z,https://in.jobrapido.com/jobpreview/1650691727981281280?utm_campaign=google_jobs_apply&utm_source=google_jobs_apply&utm_medium=organic,"Required Data analyst
Location: Gurugram
Min experience 6 months
or diploma in computer
Basic Knowledge of computers
Salary 10k to 12 k
Day shift
CO:swati
8837683782"
Require an Analytic Analyst in Gurugram,TestHiring,Jalalabad,False,,,,,2026-04-03T00:00:00.000Z,https://in.linkedin.com/jobs/view/require-an-analytic-analyst-in-gurugram-at-testhiring-4394255758?utm_campaign=google_jobs_apply&utm_source=google_jobs_apply&utm_medium=organic,"• Execute assigned tasks with accuracy and efficiency
• Collaborate with team members to achieve project goals
• Maintain clear and professional communication across all levels
• Support ongoing initiatives with proactive problem-solving and attention to detail
• Continuously seek opportunities for "
Hiring Fresher Data Analyst Trainee,The Elite Job,IN,True,20.0,30.0,,,2026-04-10T23:00:00.000Z,https://theelitejob.com/job/9128/hiring-fresher-data-analyst-trainee?utm_campaign=google_jobs_apply&utm_source=google_jobs_apply&utm_medium=organic&utm_campaign=google_jobs_apply&utm_source=google_jobs_apply&utm_medium=organic,"Job Summary

The Elite Job is seeking a motivated and detail-oriented Fresher Data Analyst Trainee to join our dynamic team. In this entry-level position, you will gain hands-on experience in data analysis, interpretation, and visualization while supporting various departments in making data-driven "
Senior Data Analyst / Data Science Engineer (Python & Statistical Modelling),VARITE INC,Gurugram,False,,,,,2026-03-20T00:00:00.000Z,https://www.jobaaj.com/job/varite-inc-senior-data-analyst-data-science-engineer-python-statistical-modelling-gurgaon-gurugram-haryana-7-to-9-years-1318599?utm_campaign=google_jobs_apply&utm_source=google_jobs_apply&utm_medium=organic,Company Name: VARITE India Private LimitedAbout The Client:Client is one of the worlds leading professional services firms and the fastest growing Big Four accounting firmAbout The Job:Were looking for a Senior Data Analyst / Data Science Engineer with 7 years of hands?on experience in Python-based 
"Reference Data Analyst, NCT",Deutsche Bank,Bengaluru,False,,,,,2026-04-01T00:00:00.000Z,"https://www.glassdoor.co.in/job-listing/reference-data-analyst-nct-deutsche-bank-JV_IC2940587_KO0,26_KE27,40.htm?jl=1010051778185&utm_campaign=google_jobs_apply&utm_source=google_jobs_apply&utm_medium=organic","Job Description:

Job Title: Reference Data Analyst, NCT

Location: Bangalore, India

Role Description
• The Reference Data Analyst focuses on effective oversight of strategic data used across the bank’s systems and infrastructure.
• The Reference Data Analyst supports various elements of the data l"
Data Analyst Internship – Remote | Students & Freshers Welcom,Delta Airlines,IN,True,20.0,30.0,,,2026-04-09T00:00:00.000Z,https://theelitejob.com/job/19452/data-analyst-internship-%E2%80%93-remote-students-freshers-welcom?utm_campaign=google_jobs_apply&utm_source=google_jobs_apply&utm_medium=organic,"Location: Work From Home
Internship Type: Remote, Flexible
Experience Level: Students & Fresh Graduates
Industry: Data Analytics, EdTech

Kickstart your analytics career with a remote Data Analyst Internship at WakeUp Whistle, a hands-on learning and project-driven platform created by Skillfied Ment"
Business Analyst Fresher,SYMB Technologies,Lucknow,False,,,,,2026-04-04T00:00:00.000Z,https://in.trabajo.org/job-4056-82cb5af2e2f9ad89745e2e71ab2b80d6?utm_campaign=google_jobs_apply&utm_source=google_jobs_apply&utm_medium=organic,"Role Overview
<\/i><\/u><\/b><\/p>

We are looking for a motivated Business Analyst (Fresher) to join our organization. In this role, you will
<\/p>

support cross -functional teams in understanding client needs, documenting requirements, ensuring
<\/p>

project alignment, and driving value through "
Data Entry Analysis Fresher (Part-time/Remote),The Elite Job,IN,True,20.0,30.0,,,2026-04-08T00:00:00.000Z,https://theelitejob.com/job/8268/data-entry-analysis-fresher-part-time-remote?utm_campaign=google_jobs_apply&utm_source=google_jobs_apply&utm_medium=organic,"Job Summary

The Elite Job is seeking a motivated and detail-oriented Data Entry Analysis Fresher to join our dynamic team. This part-time, remote position is ideal for individuals looking to kickstart their careers in data analysis and management. As a Data Entry Analyst, you will play a crucial ro"
Marketing Analyst Fresher,Tech Turmeric IT Services,IN,False,,,,,2026-04-04T00:00:00.000Z,https://www.shine.com/jobs/marketing-analyst-fresher/tech-turmeric-it-services/18879086?utm_campaign=google_jobs_apply&utm_source=google_jobs_apply&utm_medium=organic,"As a Market Research Executive focusing on the Defence, AI, and Exhibitions sectors in the US, Europe, UK, India, and China markets, your role involves conducting comprehensive market research, identifying potential clients, and driving business growth through strategic outreach and relationship-bui"
"Data Analyst – SQL, Excel, and Power BI – Full-Time Role in Chennai",SysTechCare Support,Chennai,False,20.0,30.0,,,2026-04-09T00:00:00.000Z,https://theelitejob.com/job/17421/data-analyst-%E2%80%93-sql-excel-and-power-bi-%E2%80%93-full-time-role-in-chennai?utm_campaign=google_jobs_apply&utm_source=google_jobs_apply&utm_medium=organic,"Job Summary

SysTechCare Support is seeking a skilled and detail-oriented Data Analyst with proficiency in SQL, Excel, and Power BI to join our growing team in Chennai. In this role, you will be responsible for analyzing large volumes of data to uncover actionable insights, develop dashboards, and s"
Financial Analyst - Fresher Trainee,VelSource Staffing Solutions,Chennai,False,,,,,2026-03-18T00:00:00.000Z,"https://www.glassdoor.co.in/job-listing/financial-analyst-fresher-trainee-velsource-staffing-solutions-JV_IC2833209_KO0,33_KE34,62.htm?jl=1010071075940&utm_campaign=google_jobs_apply&utm_source=google_jobs_apply&utm_medium=organic","• Conduct financial analysis, modelling, and valuation for mergers, acquisitions, and capital raising transactions
• Support in the preparation of pitch books, investment memoranda, and client presentations
• Analyse industry trends, company financials, and market data to identify investment opportu"
